source	function	category	status	provider	calls	books	returns
EXCEL	ABS	math	have	math	208	32	number
EXCEL	ACOS	math	have	math	0	0	number
EXCEL	ACOSH	math	have	primitives	0	0	number
EXCEL	ACOT	math	have	primitives	0	0	number
EXCEL	ACOTH	math	have	primitives	0	0	number
EXCEL	AGGREGATE	math	have		0	0	function_num, options, ref1, [ref2], ...
EXCEL	ARABIC	math	have		0	0	text
EXCEL	ASIN	math	have	math	0	0	number
EXCEL	ASINH	math	have	primitives	0	0	number
EXCEL	ATAN	math	have	math	0	0	number
EXCEL	ATAN2	math	have	math	0	0	x_num, y_num
EXCEL	ATANH	math	have	primitives	0	0	number
EXCEL	BASE	math	have	math	0	0	Number, Radix [Min_length]
EXCEL	CEILING.MATH	math	have		0	0	number, [significance], [mode]
EXCEL	CEILING.PRECISE	math	have		0	0	number, [significance]
EXCEL	COMBIN	math	have	combination	0	0	number, number_chosen
EXCEL	COMBINA	math	have		0	0	number, number_chosen
EXCEL	COS	math	have	math	0	0	number
EXCEL	COSH	math	have	primitives	0	0	number
EXCEL	COT	math	have	primitives	0	0	number
EXCEL	COTH	math	have	primitives	0	0	number
EXCEL	CSC	math	have	primitives	0	0	number
EXCEL	CSCH	math	have	primitives	0	0	number
EXCEL	DECIMAL	math	have	math	0	0	text, radix
EXCEL	DEGREES	math	have	primitives	0	0	angle
EXCEL	EVEN	math	have	primitives	0	0	number
EXCEL	EXP	math	have	math	41	2	number
EXCEL	FACT	math	have	factorial	0	0	number
EXCEL	FACTDOUBLE	math	have		0	0	number
EXCEL	FLOOR.MATH	math	have		0	0	number, [significance], [mode]
EXCEL	FLOOR.PRECISE	math	have		0	0	number, [significance]
EXCEL	GCD	math	have	math	0	0	number1, [number2], ...
EXCEL	INT	math	have	math	0	0	number
EXCEL	ISO.CEILING	math	have		0	0	number, [significance]
EXCEL	LCM	math	have	math	0	0	number1, [number2], ...
EXCEL	LN	math	have	math	0	0	number
EXCEL	LOG	math	have	math	41	2	number, [base]
EXCEL	LOG10	math	have	math	0	0	number
EXCEL	MDETERM	math	have		0	0	array
EXCEL	MINVERSE	math	have	choleskyInverse	0	0	array
EXCEL	MMULT	math	have	multiply	0	0	array1, array2
EXCEL	MOD	math	have	math	2924	3	number, divisor
EXCEL	MROUND	math	have		0	0	number, multiple
EXCEL	MULTINOMIAL	math	have		0	0	number1, [number2], ...
EXCEL	MUNIT	math	have		0	0	dimension
EXCEL	ODD	math	have	primitives	0	0	number
EXCEL	PERCENTOF	math	have		0	0	data_subset,data_all
EXCEL	PI	math	have	math	0	0	(no arguments)
EXCEL	POWER	math	have	math	0	0	number, power
EXCEL	PRODUCT	math	have	math	0	0	number1, [number2], ...
EXCEL	QUOTIENT	math	have	primitives	0	0	numerator, denominator
EXCEL	RADIANS	math	have	primitives	0	0	angle
EXCEL	RAND	math	have	math	44	1	(no arguments)
EXCEL	RANDARRAY	math	have		0	0	[rows],[columns],[min],[max],[whole_number]
EXCEL	RANDBETWEEN	math	have	math	150	2	bottom, top
EXCEL	ROMAN	math	have		0	0	number, [form]
EXCEL	ROUND	math	have	math	154	24	number, num_digits
EXCEL	ROUNDDOWN	math	have	math	0	0	number, num_digits
EXCEL	ROUNDUP	math	have	math	2	2	number, num_digits
EXCEL	SEC	math	have	primitives	0	0	number
EXCEL	SECH	math	have	primitives	0	0	number
EXCEL	SERIESSUM	math	have		0	0	x, n, m, coefficients
EXCEL	SEQUENCE	math	have	linearSpace	0	0	rows,[columns],[start],[step]
EXCEL	SIGN	math	have	math	0	0	number
EXCEL	SIN	math	have	math	0	0	number
EXCEL	SINH	math	have	primitives	0	0	number
EXCEL	SQRT	math	have	math	153	7	number
EXCEL	SQRTPI	math	have	primitives	0	0	number
EXCEL	SUBTOTAL	math	have		0	0	function_num,ref1,[ref2],...
EXCEL	SUM	math	have	aggregation	69194	338	number1,[number2],...
EXCEL	SUMIF	math	have	aggregation	38	4	range, criteria, [sum_range]
EXCEL	SUMIFS	math	have	aggregation	78816	4	sum_range, criteria_range1, criteria1, [criteria_range2, criteria2], ...
EXCEL	SUMPRODUCT	math	have	aggregation	805	134	array1, [array2], [array3], ...
EXCEL	SUMSQ	math	have	aggregation	4	4	number1, [number2], ...
EXCEL	SUMX2MY2	math	have		0	0	array_x, array_y
EXCEL	SUMX2PY2	math	have		0	0	array_x, array_y
EXCEL	SUMXMY2	math	have	NelsonSiegelYieldCurve.sumSquaredErrors	0	0	array_x, array_y
EXCEL	TAN	math	have	math	0	0	number
EXCEL	TANH	math	have	primitives	0	0	number
EXCEL	TRUNC	math	have	math	0	0	number, [num_digits]
EXCEL	AVEDEV	statistical	have	spreadsheet statistics	0	0	number1, [number2], ...
EXCEL	AVERAGE	statistical	have	stats	67	18	number1, [number2], ...
EXCEL	AVERAGEA	statistical	have	coercing aggregates	0	0	value1, [value2], ...
EXCEL	AVERAGEIF	statistical	have	aggregation	0	0	range, criteria, [average_range]
EXCEL	AVERAGEIFS	statistical	have	PeriodSequence.aggregate	0	0	average_range, criteria_range1, criteria1, [criteria_range2, criteria2], ...
EXCEL	BETA.DIST	statistical	have	betaCDF	0	0	x,alpha,beta,cumulative,[A],[B]
EXCEL	BETA.INV	statistical	have	statistical quantiles	0	0	probability,alpha,beta,[A],[B]
EXCEL	BINOM.DIST	statistical	have	statistical distributions	0	0	number_s,trials,probability_s,cumulative
EXCEL	BINOM.DIST.RANGE	statistical	have	gamma and modes	0	0	trials,probability_s,number_s,[number_s2]
EXCEL	BINOM.INV	statistical	have	accumulate binomialPMF, as PsiBinomial does — bound	0	0	trials,probability_s,alpha
EXCEL	CHISQ.DIST	statistical	have	chi2pdf	0	0	x,deg_freedom,cumulative
EXCEL	CHISQ.DIST.RT	statistical	have	statistical distributions	0	0	x,deg_freedom
EXCEL	CHISQ.INV	statistical	have	spreadsheet statistics	0	0	probability,deg_freedom
EXCEL	CHISQ.INV.RT	statistical	have	DistributionChiSquared.quantile(1-p) — bound	0	0	probability,deg_freedom
EXCEL	CHISQ.TEST	statistical	have	statistical tests	0	0	actual_range,expected_range
EXCEL	CONFIDENCE.NORM	statistical	have	statistical tests	0	0	alpha,standard_dev,size
EXCEL	CONFIDENCE.T	statistical	have	MovingAverageModel.predictWithConfidence	0	0	alpha,standard_dev,size
EXCEL	CORREL	statistical	have	correlationCoefficient	0	0	array1, array2
EXCEL	COUNT	statistical	have	stats	43316	45	value1, [value2], ...
EXCEL	COUNTA	statistical	have	stats	35	5	value1, [value2], ...
EXCEL	COUNTBLANK	statistical	have	array	0	0	range
EXCEL	COUNTIF	statistical	have	aggregation	60	1	range, criteria
EXCEL	COUNTIFS	statistical	have	aggregation	0	0	criteria_range1, criteria1, [criteria_range2, criteria2]...
EXCEL	COVARIANCE.P	statistical	have	bindings	124	4	array1,array2
EXCEL	COVARIANCE.S	statistical	have	bindings	0	0	array1,array2
EXCEL	DEVSQ	statistical	have	sumOfSquaredAvgDiff	0	0	number1, [number2], ...
EXCEL	EXPON.DIST	statistical	have	statistical distributions	0	0	x,lambda,cumulative
EXCEL	F.DIST	statistical	have	fCDF	0	0	x,deg_freedom1,deg_freedom2,cumulative
EXCEL	F.DIST.RT	statistical	have	statistical distributions	0	0	x,deg_freedom1,deg_freedom2
EXCEL	F.INV	statistical	have	fQuantile	0	0	probability,deg_freedom1,deg_freedom2
EXCEL	F.INV.RT	statistical	have	statistical quantiles	0	0	probability,deg_freedom1,deg_freedom2
EXCEL	F.TEST	statistical	have	statistical tests	0	0	array1,array2
EXCEL	FISHER	statistical	have	fisher	0	0	x
EXCEL	FISHERINV	statistical	have	rho	0	0	y
EXCEL	FORECAST	statistical	have	linearRegression	0	0	x, known_y's, known_x's
EXCEL	FORECAST.ETS	statistical	have	BuiltinForecastETS + BusinessMath fitETS	0	0	target_date, values, timeline, [seasonality], [data_completion], [aggregation]
EXCEL	FORECAST.ETS.CONFINT	statistical	have	BuiltinForecastETS + forecastWithConfidence	0	0	target_date, values, timeline, [confidence_level], [seasonality], [data_completion], [aggregation]
EXCEL	FORECAST.ETS.SEASONALITY	statistical	have	BuiltinForecastETS + dominantSeasonLength	0	0	values, timeline, [data_completion], [aggregation]
EXCEL	FORECAST.ETS.STAT	statistical	have	BuiltinForecastETS + BusinessMath fitETS	0	0	values, timeline, statistic_type, [seasonality], [data_completion], [aggregation]
EXCEL	FORECAST.LINEAR	statistical	have	LinearTrend.trainedForecast	0	0	x, known_y's, known_x's
EXCEL	FREQUENCY	statistical	have	spreadsheet statistics	0	0	data_array, bins_array
EXCEL	GAMMA	statistical	have	gamma and modes	0	0	number
EXCEL	GAMMA.DIST	statistical	have	statistical distributions	0	0	x,alpha,beta,cumulative
EXCEL	GAMMA.INV	statistical	have	statistical quantiles	0	0	probability,alpha,beta
EXCEL	GAMMALN	statistical	have	logFactorial	0	0	x
EXCEL	GAMMALN.PRECISE	statistical	have	gamma and modes	0	0	x
EXCEL	GAUSS	statistical	have	gamma and modes	0	0	z
EXCEL	GEOMEAN	statistical	have	geometricMean	0	0	number1, [number2], ...
EXCEL	GROWTH	statistical	have	TimeSeries.exponential	0	0	known_y's, [known_x's], [new_x's], [const]
EXCEL	HARMEAN	statistical	have	harmonicMean	0	0	number1, [number2], ...
EXCEL	HYPGEOM.DIST	statistical	have	statistical tests	0	0	sample_s,number_sample,population_s,number_pop,cumulative
EXCEL	INTERCEPT	statistical	have	bindings	0	0	known_y's, known_x's
EXCEL	KURT	statistical	have	kurtosis	0	0	number1, [number2], ...
EXCEL	LARGE	statistical	have	stats	0	0	array, k
EXCEL	LINEST	statistical	have	linearRegression	0	0	known_y's, [known_x's], [const], [stats]
EXCEL	LOGEST	statistical	have	ExponentialTrend	0	0	known_y's, [known_x's], [const], [stats]
EXCEL	LOGNORM.DIST	statistical	have	statistical distributions	0	0	x,mean,standard_dev,cumulative
EXCEL	LOGNORM.INV	statistical	have	statistical quantiles	0	0	probability, mean, standard_dev
EXCEL	MAX	statistical	have	stats	992	114	number1, [number2], ...
EXCEL	MAXA	statistical	have	coercing aggregates	0	0	value1,[value2],...
EXCEL	MAXIFS	statistical	have	conditional extremes	0	0	max_range, criteria_range1, criteria1, [criteria_range2, criteria2], ...
EXCEL	MEDIAN	statistical	have	stats	0	0	number1, [number2], ...
EXCEL	MIN	statistical	have	stats	1973	33	number1, [number2], ...
EXCEL	MINA	statistical	have	coercing aggregates	0	0	value1, [value2], ...
EXCEL	MINIFS	statistical	have	conditional extremes	0	0	min_range, criteria_range1, criteria1, [criteria_range2, criteria2], ...
EXCEL	MODE.MULT	statistical	have	gamma and modes	0	0	number1,[number2],...
EXCEL	MODE.SNGL	statistical	have	gamma and modes	0	0	number1,[number2],...
EXCEL	NEGBINOM.DIST	statistical	have	statistical tests	0	0	number_f,number_s,probability_s,cumulative
EXCEL	NORM.DIST	statistical	have	bindings	0	0	x,mean,standard_dev,cumulative
EXCEL	NORM.INV	statistical	have	bindings	0	0	probability,mean,standard_dev
EXCEL	NORM.S.DIST	statistical	have	bindings	0	0	z,cumulative
EXCEL	NORM.S.INV	statistical	have	bindings	2	1	probability
EXCEL	PEARSON	statistical	have	correlationCoefficient	0	0	array1, array2
EXCEL	PERCENTILE.EXC	statistical	have	spreadsheet statistics	0	0	array,k
EXCEL	PERCENTILE.INC	statistical	have	stats	0	0	array,k
EXCEL	PERCENTRANK.EXC	statistical	have	gamma and modes	0	0	array,x,[significance]
EXCEL	PERCENTRANK.INC	statistical	have	spreadsheet statistics	0	0	array,x,[significance]
EXCEL	PERMUT	statistical	have	permutation	0	0	number, number_chosen
EXCEL	PERMUTATIONA	statistical	have	gamma and modes	0	0	number, number-chosen
EXCEL	PHI	statistical	have	gamma and modes	0	0	x
EXCEL	POISSON.DIST	statistical	have	statistical distributions	0	0	x,mean,cumulative
EXCEL	PROB	statistical	have	spreadsheet statistics	0	0	x_range, prob_range, [lower_limit], [upper_limit]
EXCEL	QUARTILE.EXC	statistical	have	spreadsheet statistics	0	0	array, quart
EXCEL	QUARTILE.INC	statistical	have	spreadsheet statistics	0	0	array,quart
EXCEL	RANK.AVG	statistical	have	bindings	0	0	number,ref,[order]
EXCEL	RANK.EQ	statistical	have	bindings	0	0	number,ref,[order]
EXCEL	RSQ	statistical	have	rSquared	0	0	known_y's,known_x's
EXCEL	SKEW	statistical	have	skew	0	0	number1, [number2], ...
EXCEL	SKEW.P	statistical	have	skewP	0	0	number 1, [number 2],...
EXCEL	SLOPE	statistical	have	bindings	0	0	known_y's, known_x's
EXCEL	SMALL	statistical	have	stats	0	0	array, k
EXCEL	STANDARDIZE	statistical	have	standardize	0	0	x, mean, standard_dev
EXCEL	STDEV.P	statistical	have	stats	0	0	number1,[number2],...
EXCEL	STDEV.S	statistical	have	stats	86410	42	number1,[number2],...
EXCEL	STDEVA	statistical	have	coercing aggregates	0	0	value1, [value2], ...
EXCEL	STDEVPA	statistical	have	coercing aggregates	0	0	value1, [value2], ...
EXCEL	STEYX	statistical	have	spreadsheet statistics	0	0	known_y's, known_x's
EXCEL	T.DIST	statistical	have	studentTPDF	0	0	x,deg_freedom, cumulative
EXCEL	T.DIST.2T	statistical	have	statistical distributions	0	0	x,deg_freedom
EXCEL	T.DIST.RT	statistical	have	spreadsheet statistics	0	0	x,deg_freedom
EXCEL	T.INV	statistical	have	tQuantile	0	0	probability,deg_freedom
EXCEL	T.INV.2T	statistical	have	statistical quantiles	0	0	probability,deg_freedom
EXCEL	T.TEST	statistical	have	spreadsheet statistics	0	0	array1,array2,tails,type
EXCEL	TREND	statistical	have	linearRegression	0	0	known_y's, [known_x's], [new_x's], [const]
EXCEL	TRIMMEAN	statistical	have	spreadsheet statistics	0	0	array, percent
EXCEL	VAR.P	statistical	have	stats	0	0	number1,[number2],...
EXCEL	VAR.S	statistical	have	stats	0	0	number1,[number2],...
EXCEL	VARA	statistical	have	coercing aggregates	0	0	value1, [value2], ...
EXCEL	VARPA	statistical	have	coercing aggregates	0	0	value1, [value2], ...
EXCEL	WEIBULL.DIST	statistical	have	statistical tests	0	0	x,alpha,beta,cumulative
EXCEL	Z.TEST	statistical	have	statistical tests	0	0	array,x,[sigma]
EXCEL	ACCRINT	financial	have	accruedInterest	0	0	issue, first_interest, settlement, rate, par, frequency, [basis], [calc_method]
EXCEL	ACCRINTM	financial	have		0	0	issue, settlement, rate, par, [basis]
EXCEL	AMORDEGRC	financial	have		0	0	cost, date_purchased, first_period, salvage, period, rate, [basis]
EXCEL	AMORLINC	financial	have		0	0	cost, date_purchased, first_period, salvage, period, rate, [basis]
EXCEL	COUPDAYBS	financial	have	CouponPeriod.daysAccrued	0	0	settlement, maturity, frequency, [basis]
EXCEL	COUPDAYS	financial	have	CouponPeriod.daysInPeriod	0	0	settlement, maturity, frequency, [basis]
EXCEL	COUPDAYSNC	financial	have	CouponPeriod.daysToNextCoupon	0	0	settlement, maturity, frequency, [basis]
EXCEL	COUPNCD	financial	have	CouponPeriod.nextCouponDate	0	0	settlement, maturity, frequency, [basis]
EXCEL	COUPNUM	financial	have	CouponPeriod.couponsRemaining	0	0	settlement, maturity, frequency, [basis]
EXCEL	COUPPCD	financial	have	CouponPeriod.previousCouponDate	0	0	settlement, maturity, frequency, [basis]
EXCEL	CUMIPMT	financial	have	AmortizationSchedule.totalInterest	0	0	rate, nper, pv, start_period, end_period, type
EXCEL	CUMPRINC	financial	have	AmortizationSchedule.totalPrincipal	0	0	rate, nper, pv, start_period, end_period, type
EXCEL	DB	financial	have	financial	0	0	cost, salvage, life, period, [month]
EXCEL	DDB	financial	have	decliningBalanceDepreciation — verified present	0	0	cost, salvage, life, period, [factor]
EXCEL	DISC	financial	have		0	0	settlement, maturity, pr, redemption, [basis]
EXCEL	DOLLARDE	financial	have		0	0	fractional_dollar, fraction
EXCEL	DOLLARFR	financial	have		0	0	decimal_dollar, fraction
EXCEL	DURATION	financial	have	bondDuration	0	0	settlement, maturity, coupon, yld, frequency, [basis]
EXCEL	EFFECT	financial	have	effectiveRate	0	0	nominal_rate, npery
EXCEL	FV	financial	have	financial	0	0	rate, nper, pmt, [pv], [type]
EXCEL	FVSCHEDULE	financial	have		0	0	principal, schedule
EXCEL	INTRATE	financial	have		0	0	settlement, maturity, investment, redemption, [basis]
EXCEL	IPMT	financial	have	financial	0	0	rate, per, nper, pv, [fv], [type]
EXCEL	IRR	financial	have	financial	13	12	values, [guess]
EXCEL	ISPMT	financial	have		0	0	rate, per, nper, pv
EXCEL	MDURATION	financial	have	bondModifiedDuration	0	0	settlement, maturity, coupon, yld, frequency, [basis]
EXCEL	MIRR	financial	have	mirr	0	0	values, finance_rate, reinvest_rate
EXCEL	NOMINAL	financial	have	nominalRate	0	0	effect_rate, npery
EXCEL	NPER	financial	have	financial	0	0	rate, pmt, pv, [fv], [type]
EXCEL	NPV	financial	have	financial	169	78	rate, value1, [value2], ...
EXCEL	ODDFPRICE	financial	have		0	0	settlement, maturity, issue, first_coupon, rate, yld, redemption, frequency, [basis]
EXCEL	ODDFYIELD	financial	have		0	0	settlement, maturity, issue, first_coupon, rate, pr, redemption, frequency, [basis]
EXCEL	ODDLPRICE	financial	have		0	0	settlement, maturity, last_interest, rate, yld, redemption, frequency, [basis]
EXCEL	ODDLYIELD	financial	have		0	0	settlement, maturity, last_interest, rate, pr, redemption, frequency, [basis]
EXCEL	PDURATION	financial	have	log(fv/pv)/log(1+rate) — arithmetic, not upstream mathematics	0	0	rate, pv, fv
EXCEL	PMT	financial	have	financial	1352	48	rate, nper, pv, [fv], [type]
EXCEL	PPMT	financial	have	financial	0	0	rate, per, nper, pv, [fv], [type]
EXCEL	PRICE	financial	have	bondPrice	0	0	settlement, maturity, rate, yld, redemption, frequency, [basis]
EXCEL	PRICEDISC	financial	have		0	0	settlement, maturity, discount, redemption, [basis]
EXCEL	PRICEMAT	financial	have		0	0	settlement, maturity, issue, rate, yld, [basis]
EXCEL	PV	financial	have	financial	39	13	rate, nper, pmt, [fv], [type]
EXCEL	RATE	financial	have	financial	10	2	nper, pmt, pv, [fv], [type], [guess]
EXCEL	RECEIVED	financial	have		0	0	settlement, maturity, investment, discount, [basis]
EXCEL	RRI	financial	have	cagr	0	0	nper, pv, fv
EXCEL	SLN	financial	have	financial	0	0	cost, salvage, life
EXCEL	SYD	financial	have	sumOfYearsDigitsDepreciation	0	0	cost, salvage, life, per
EXCEL	TBILLEQ	financial	have		0	0	settlement, maturity, discount
EXCEL	TBILLPRICE	financial	have		0	0	settlement, maturity, discount
EXCEL	TBILLYIELD	financial	have		0	0	settlement, maturity, pr
EXCEL	VDB	financial	have	variableDecliningBalanceDepreciation	0	0	cost, salvage, life, start_period, end_period, [factor], [no_switch]
EXCEL	XIRR	financial	have	bindings	2	2	values, dates, [guess]
EXCEL	XNPV	financial	have	xnpv	0	0	rate, values, dates
EXCEL	YIELD	financial	have	bondYield	0	0	settlement, maturity, rate, pr, redemption, frequency, [basis]
EXCEL	YIELDDISC	financial	have		0	0	settlement, maturity, pr, redemption, [basis]
EXCEL	YIELDMAT	financial	have		0	0	settlement, maturity, issue, rate, pr, [basis]
EXCEL	DATE	datetime	have	datetime	171	6	year,month,day
EXCEL	DATEDIF	datetime	have		0	0	start_date,end_date,unit
EXCEL	DATEVALUE	datetime	have	datetime	0	0	date_text
EXCEL	DAY	datetime	have	datetime	5906	16	serial_number
EXCEL	DAYS	datetime	have	datetime	0	0	end_date, start_date
EXCEL	DAYS360	datetime	have	DayCountConvention.days	0	0	start_date,end_date,[method]
EXCEL	EDATE	datetime	have	datetime	0	0	start_date, months
EXCEL	EOMONTH	datetime	have	datetime	1723	22	start_date, months
EXCEL	HOUR	datetime	have	datetime	0	0	serial_number
EXCEL	ISOWEEKNUM	datetime	have		0	0	date
EXCEL	MINUTE	datetime	have	datetime	0	0	serial_number
EXCEL	MONTH	datetime	have	datetime	9686	19	serial_number
EXCEL	NETWORKDAYS	datetime	have		0	0	start_date, end_date, [holidays]
EXCEL	NETWORKDAYS.INTL	datetime	have		0	0	start_date, end_date, [weekend], [holidays]
EXCEL	NOW	datetime	have	datetime	37	13	(no arguments)
EXCEL	SECOND	datetime	have	datetime	0	0	serial_number
EXCEL	TIME	datetime	have	datetime	0	0	hour, minute, second
EXCEL	TIMEVALUE	datetime	have		0	0	time_text
EXCEL	TODAY	datetime	have	datetime	37	7	(no arguments)
EXCEL	WEEKDAY	datetime	have	datetime	5477	6	serial_number,[return_type]
EXCEL	WEEKNUM	datetime	have		0	0	serial_number,[return_type]
EXCEL	WORKDAY	datetime	have	datetime	0	0	start_date, days, [holidays]
EXCEL	WORKDAY.INTL	datetime	have		0	0	start_date, days, [weekend], [holidays]
EXCEL	YEAR	datetime	have	datetime	21589	36	serial_number
EXCEL	YEARFRAC	datetime	have	bindings	3425	9	start_date, end_date, [basis]
EXCEL	AND	logical	have	logic	4629	50	logical1, [logical2], ...
EXCEL	BYCOL	logical	have		0	0	array, lambda(column)
EXCEL	BYROW	logical	have		0	0	array, lambda(row)
EXCEL	FALSE	logical	have	logic	0	0	(no arguments)
EXCEL	IF	logical	have	logic	93526	239	logical_test, value_if_true, [value_if_false]
EXCEL	IFERROR	logical	have	logic	168779	130	value, value_if_error
EXCEL	IFNA	logical	have	logic	0	0	value, value_if_na
EXCEL	IFS	logical	have		0	0	logical_test1, value_if_true1, [logical_test2, value_if_true2], [logical_test3, value_if_true3],...
EXCEL	LAMBDA	logical	have		0	0	[parameter1, parameter2, ...,] calculation
EXCEL	LET	logical	have		0	0	name1, name_value1, calculation_or_name2, [name_value2, calculation_or_name3...]
EXCEL	MAKEARRAY	logical	have		0	0	rows, cols, lambda(row, col)
EXCEL	MAP	logical	have		0	0	array1, lambda_or_array<#>
EXCEL	NOT	logical	have	logic	51	6	logical
EXCEL	OR	logical	have	logic	21055	25	logical1, [logical2], ...
EXCEL	REDUCE	logical	have		0	0	[initial_value], array, lambda(accumulator, value, body)
EXCEL	SCAN	logical	have		0	0	[initial_value], array, lambda(accumulator, value, body)
EXCEL	SWITCH	logical	have		0	0	expression, value1, result1, [default or value2, result2],...[default or value3, result3]
EXCEL	TRUE	logical	have	logic	0	0	(no arguments)
EXCEL	XOR	logical	have		0	0	logical1, [logical2],...
EXCEL	CELL	information	have	navigation	0	0	info_type, [reference]
EXCEL	ERROR.TYPE	information	have		0	0	error_val
EXCEL	INFO	information	out of scope	reports the machine it runs on — no workbook answer exists	0	0	type_text
EXCEL	ISBLANK	information	have	logic	386	11	value
EXCEL	ISERR	information	have	logic	3	3	value
EXCEL	ISERROR	information	have	logic	2462	35	value
EXCEL	ISEVEN	information	have		0	0	number
EXCEL	ISFORMULA	information	have	reads the cell, not its value	0	0	reference
EXCEL	ISLOGICAL	information	have		0	0	value
EXCEL	ISNA	information	have	logic	272	8	value
EXCEL	ISNONTEXT	information	have		0	0	value
EXCEL	ISNUMBER	information	have	logic	493	1	value
EXCEL	ISODD	information	have		0	0	number
EXCEL	ISOMITTED	information	have	BuiltinLambdaFunctions	0	0	argument
EXCEL	ISREF	information	have	logic	12	12	value
EXCEL	ISTEXT	information	have	logic	35	5	value
EXCEL	N	information	have		0	0	value
EXCEL	NA	information	have	logic	124	23	(no arguments)
EXCEL	SHEET	information	out of scope	needs the workbook's sheet list; an evaluator has a CellValueProvider	0	0	value
EXCEL	SHEETS	information	out of scope	needs the workbook's sheet list; an evaluator has a CellValueProvider	0	0	reference
EXCEL	STOCKHISTORY	information	out of scope	calls a web service	0	0	stock, start_date, [end_date], [interval], [headers], [property0], [property1], [property2], [property3], [property4], [property5]
EXCEL	TYPE	information	have		0	0	value
EXCEL	ADDRESS	lookup	have	navigation	21017	32	row_num, column_num, [abs_num], [a1], [sheet_text]
EXCEL	AREAS	lookup	out of scope		0	0	reference
EXCEL	CHOOSE	lookup	have	navigation	40	21	index_num, value1, [value2], ...
EXCEL	CHOOSECOLS	lookup	have		0	0	array,col_num1,[col_num2],...
EXCEL	CHOOSEROWS	lookup	have		0	0	array,row_num1,[row_num2],...
EXCEL	COLUMN	lookup	have	navigation	86620	45	[reference]
EXCEL	COLUMNS	lookup	have	navigation	0	0	array
EXCEL	DROP	lookup	have		0	0	array, rows,[columns]
EXCEL	EXPAND	lookup	have		0	0	array, rows, [columns], [pad_with]
EXCEL	FILTER	lookup	have		0	0	array,include,[if_empty]
EXCEL	FORMULATEXT	lookup	out of scope		0	0	reference
EXCEL	GETPIVOTDATA	lookup	have	navigation	0	0	data_field, pivot_table, [field1, item1, field2, item2], ...
EXCEL	GROUPBY	lookup	out of scope		0	0	row_fields,values,function,[field_headers],[total_depth],[sort_order],[filter_array],[field_relationship]
EXCEL	HLOOKUP	lookup	have	navigation	797	16	lookup_value, table_array, row_index_num, [range_lookup]
EXCEL	HSTACK	lookup	have		0	0	array1,[array2],...
EXCEL	HYPERLINK	lookup	have	navigation	0	0	link_location, [friendly_name]
EXCEL	IMAGE	lookup	out of scope		0	0	source, [alt_text], [sizing], [height], [width]
EXCEL	INDEX	lookup	have	navigation	605	43	array, row_num, [column_num]
EXCEL	INDIRECT	lookup	have	navigation	21017	32	ref_text, [a1]
EXCEL	LOOKUP	lookup	have	navigation	8	5	lookup_value, lookup_vector, [result_vector]
EXCEL	MATCH	lookup	have	navigation	380	18	lookup_value, lookup_array, [match_type]
EXCEL	OFFSET	lookup	have	navigation	9798	32	reference, rows, cols, [height], [width]
EXCEL	PIVOTBY	lookup	out of scope		0	0	row_fields,col_fields,values,function,[field_headers],[row_total_depth],[row_sort_order],[col_total_depth],[col_sort_order],[filter_array],[relative_to]
EXCEL	ROW	lookup	have	navigation	1222	2	[reference]
EXCEL	ROWS	lookup	have	navigation	0	0	array
EXCEL	RTD	lookup	out of scope		0	0	ProgID, server, topic1, [topic2], ...
EXCEL	SORT	lookup	have		0	0	array,[sort_index],[sort_order],[by_col]
EXCEL	SORTBY	lookup	have		0	0	array, by_array1, [sort_order1], [by_array2, sort_order2],...
EXCEL	TAKE	lookup	have		0	0	array, rows,[columns]
EXCEL	TOCOL	lookup	have		0	0	array, [ignore], [scan_by_column]
EXCEL	TOROW	lookup	have		0	0	array, [ignore], [scan_by_column]
EXCEL	TRANSPOSE	lookup	have	array	1	1	array
EXCEL	TRIMRANGE	lookup	out of scope		0	0	range,[trim_rows],[trim_cols]
EXCEL	UNIQUE	lookup	have		0	0	array,[by_col],[exactly_once]
EXCEL	VLOOKUP	lookup	have	navigation	100628	69	lookup_value, table_array, col_index_num, [range_lookup]
EXCEL	VSTACK	lookup	have		0	0	array1,[array2],...
EXCEL	WRAPCOLS	lookup	have		0	0	vector, wrap_count, [pad_with]
EXCEL	WRAPROWS	lookup	have		0	0	vector, wrap_count, [pad_with]
EXCEL	XLOOKUP	lookup	have	navigation	0	0	lookup_value, lookup_array, return_array, [if_not_found], [match_mode], [search_mode]
EXCEL	XMATCH	lookup	have		0	0	lookup_value, lookup_array, [match_mode], [search_mode]
EXCEL	FIELDVALUE	lookup	out of scope		0	0	value, field_name
EXCEL	ASC	text	have	BuiltinTextWidthFunctions — inverse of DBCS	0	0	text
EXCEL	ARRAYTOTEXT	text	have		0	0	array, [format]
EXCEL	BAHTTEXT	text	have	BuiltinBahtText	0	0	number
EXCEL	CHAR	text	have	text	0	0	number
EXCEL	CLEAN	text	have	text	0	0	text
EXCEL	CODE	text	have	text	0	0	text
EXCEL	CONCAT	text	have	text	0	0	text1, [text2],...
EXCEL	CONCATENATE	text	have	text	0	0	text1, [text2], ...
EXCEL	DBCS	text	have	BuiltinTextWidthFunctions	0	0	text
EXCEL	DETECTLANGUAGE	text	out of scope	network service, as cube/web	0	0	text
EXCEL	DOLLAR	text	have		0	0	number, [decimals]
EXCEL	EXACT	text	have	text	0	0	text1, text2
EXCEL	FIND	text	have	text	0	0	find_text, within_text, [start_num]
EXCEL	FINDB	text	have	BuiltinTextFunctions.find — Western locale, ADR-002	0	0	find_text, within_text, [start_num]
EXCEL	FIXED	text	have	text	0	0	number, [decimals], [no_commas]
EXCEL	LEFT	text	have	text	17	1	text, [num_chars]
EXCEL	LEFTB	text	have	BuiltinTextFunctions.left — Western locale, ADR-002	0	0	UNCONFIRMED
EXCEL	LEN	text	have	text	0	0	text
EXCEL	LENB	text	have	BuiltinTextFunctions.len — Western locale, ADR-002	0	0	UNCONFIRMED
EXCEL	LOWER	text	have	text	0	0	text
EXCEL	MID	text	have	text	0	0	text, start_num, num_chars
EXCEL	MIDB	text	have	BuiltinTextFunctions.mid — Western locale, ADR-002	0	0	UNCONFIRMED
EXCEL	NUMBERVALUE	text	have	text	0	0	Text, [Decimal_separator], [Group_separator]
EXCEL	PHONETIC	text	have	BuiltinPhonetic + SwiftXLSX 0.24.0 rPh reading	0	0	reference
EXCEL	PROPER	text	have	text	0	0	text
EXCEL	REGEXEXTRACT	text	have	NSRegularExpression	0	0	text, pattern, [return_mode], [case_sensitivity]
EXCEL	REGEXREPLACE	text	have	NSRegularExpression	0	0	text, pattern, replacement, [occurrence], [case_sensitivity]
EXCEL	REGEXTEST	text	have	NSRegularExpression	0	0	text, pattern, [case_sensitivity]
EXCEL	REPLACE	text	have	text	0	0	old_text, start_num, num_chars, new_text
EXCEL	REPLACEB	text	have	BuiltinTextFunctions.replace — Western locale, ADR-002	0	0	UNCONFIRMED
EXCEL	REPT	text	have	text	0	0	text, number_times
EXCEL	RIGHT	text	have	text	61	13	text,[num_chars]
EXCEL	RIGHTB	text	have	BuiltinTextFunctions.right — Western locale, ADR-002	0	0	UNCONFIRMED
EXCEL	SEARCH	text	have	text	0	0	find_text, within_text, [start_num]
EXCEL	SEARCHB	text	have	BuiltinTextFunctions.search — Western locale, ADR-002	0	0	UNCONFIRMED
EXCEL	SUBSTITUTE	text	have	text	0	0	text, old_text, new_text, [instance_num]
EXCEL	T	text	have	text	0	0	value
EXCEL	TEXT	text	have	text	51	24	value, format_text
EXCEL	TEXTAFTER	text	have	text	0	0	text,delimiter,[instance_num], [match_mode], [match_end], [if_not_found]
EXCEL	TEXTBEFORE	text	have	text	0	0	text,delimiter,[instance_num], [match_mode], [match_end], [if_not_found]
EXCEL	TEXTJOIN	text	have	text	0	0	delimiter, ignore_empty, text1, [text2], ...
EXCEL	TEXTSPLIT	text	have		0	0	text,col_delimiter,[row_delimiter],[ignore_empty], [match_mode], [pad_with]
EXCEL	TRANSLATE	text	out of scope	network service, as cube/web	0	0	text, [source_language], [target_language]
EXCEL	TRIM	text	have	text	0	0	text
EXCEL	UNICHAR	text	have	text	0	0	number
EXCEL	UNICODE	text	have	text	0	0	text
EXCEL	UPPER	text	have	text	0	0	text
EXCEL	VALUE	text	have	text	0	0	text
EXCEL	VALUETOTEXT	text	have		0	0	value, [format]
EXCEL	JIS	text	have	BuiltinTextWidthFunctions — same function as DBCS	0	0	text
EXCEL	DAVERAGE	database	have		0	0	database, field, criteria
EXCEL	DCOUNT	database	have		0	0	database, field, criteria
EXCEL	DCOUNTA	database	have		0	0	database, field, criteria
EXCEL	DGET	database	have		0	0	database, field, criteria
EXCEL	DMAX	database	have		0	0	database, field, criteria
EXCEL	DMIN	database	have		0	0	database, field, criteria
EXCEL	DPRODUCT	database	have		0	0	database, field, criteria
EXCEL	DSTDEV	database	have		0	0	database, field, criteria
EXCEL	DSTDEVP	database	have		0	0	database, field, criteria
EXCEL	DSUM	database	have		0	0	database, field, criteria
EXCEL	DVAR	database	have		0	0	database, field, criteria
EXCEL	DVARP	database	have		0	0	database, field, criteria
EXCEL	CUBEKPIMEMBER	cube	out of scope		0	0	connection, kpi_name, kpi_property, [caption]
EXCEL	CUBEMEMBER	cube	out of scope		0	0	connection, member_expression, [caption]
EXCEL	CUBEMEMBERPROPERTY	cube	out of scope		0	0	connection, member_expression, property
EXCEL	CUBERANKEDMEMBER	cube	out of scope		0	0	connection, set_expression, rank, [caption]
EXCEL	CUBESET	cube	out of scope		0	0	connection, set_expression, [caption], [sort_order], [sort_by]
EXCEL	CUBESETCOUNT	cube	out of scope		0	0	set
EXCEL	CUBEVALUE	cube	out of scope		0	0	connection, [member_expression1], [member_expression2], ...
EXCEL	ENCODEURL	web	out of scope		0	0	text
EXCEL	FILTERXML	web	out of scope		0	0	xml, xpath
EXCEL	WEBSERVICE	web	out of scope		0	0	url
EXCEL	BESSELI	engineering	have	BusinessMath	0	0	X, N
EXCEL	BESSELJ	engineering	have	BusinessMath	0	0	X, N
EXCEL	BESSELK	engineering	have	BusinessMath	0	0	X, N
EXCEL	BESSELY	engineering	have	BusinessMath	0	0	X, N
EXCEL	BIN2DEC	engineering	have	math	0	0	number
EXCEL	BIN2HEX	engineering	have	engineering	0	0	number, [places]
EXCEL	BIN2OCT	engineering	have	engineering	0	0	number, [places]
EXCEL	BITAND	engineering	have	engineering	0	0	number1, number2
EXCEL	BITLSHIFT	engineering	have	engineering	0	0	number, shift_amount
EXCEL	BITOR	engineering	have	engineering	0	0	number1, number2
EXCEL	BITRSHIFT	engineering	have	engineering	0	0	number, shift_amount
EXCEL	BITXOR	engineering	have	engineering	0	0	number1, number2
EXCEL	COMPLEX	engineering	have	swift-numerics	0	0	real_num, i_num, [suffix]
EXCEL	CONVERT	engineering	have	SwiftExcelFunctions	0	0	number,from_unit,to_unit
EXCEL	DEC2BIN	engineering	have	math	0	0	number, [places]
EXCEL	DEC2HEX	engineering	have	math	0	0	number, [places]
EXCEL	DEC2OCT	engineering	have	math	0	0	number, [places]
EXCEL	DELTA	engineering	have	engineering	0	0	number1, [number2]
EXCEL	ERF	engineering	have	engineering	0	0	lower_limit,[upper_limit]
EXCEL	ERF.PRECISE	engineering	have	engineering	0	0	x
EXCEL	ERFC	engineering	have	engineering	0	0	x
EXCEL	ERFC.PRECISE	engineering	have	engineering	0	0	x
EXCEL	GESTEP	engineering	have	engineering	0	0	number, [step]
EXCEL	HEX2BIN	engineering	have	engineering	0	0	number, [places]
EXCEL	HEX2DEC	engineering	have	math	0	0	number
EXCEL	HEX2OCT	engineering	have	engineering	0	0	number, [places]
EXCEL	IMABS	engineering	have	swift-numerics	0	0	inumber
EXCEL	IMAGINARY	engineering	have	swift-numerics	0	0	inumber
EXCEL	IMARGUMENT	engineering	have	swift-numerics	0	0	inumber
EXCEL	IMCONJUGATE	engineering	have	swift-numerics	0	0	inumber
EXCEL	IMCOS	engineering	have	swift-numerics	0	0	inumber
EXCEL	IMCOSH	engineering	have	swift-numerics	0	0	inumber
EXCEL	IMCOT	engineering	have	swift-numerics	0	0	inumber
EXCEL	IMCSC	engineering	have	swift-numerics	0	0	inumber
EXCEL	IMCSCH	engineering	have	swift-numerics	0	0	inumber
EXCEL	IMDIV	engineering	have	swift-numerics	0	0	inumber1, inumber2
EXCEL	IMEXP	engineering	have	swift-numerics	0	0	inumber
EXCEL	IMLN	engineering	have	swift-numerics	0	0	inumber
EXCEL	IMLOG10	engineering	have	swift-numerics	0	0	inumber
EXCEL	IMLOG2	engineering	have	swift-numerics	0	0	inumber
EXCEL	IMPOWER	engineering	have	swift-numerics	0	0	inumber, number
EXCEL	IMPRODUCT	engineering	have	swift-numerics	0	0	inumber1, [inumber2], ...
EXCEL	IMREAL	engineering	have	swift-numerics	0	0	inumber
EXCEL	IMSEC	engineering	have	swift-numerics	0	0	inumber
EXCEL	IMSECH	engineering	have	swift-numerics	0	0	inumber
EXCEL	IMSIN	engineering	have	swift-numerics	0	0	inumber
EXCEL	IMSINH	engineering	have	swift-numerics	0	0	inumber
EXCEL	IMSQRT	engineering	have	swift-numerics	0	0	inumber
EXCEL	IMSUB	engineering	have	swift-numerics	0	0	inumber1, inumber2
EXCEL	IMSUM	engineering	have	swift-numerics	0	0	inumber1, [inumber2], ...
EXCEL	IMTAN	engineering	have	swift-numerics	0	0	inumber
EXCEL	OCT2BIN	engineering	have	engineering	0	0	number, [places]
EXCEL	OCT2DEC	engineering	have	math	0	0	number
EXCEL	OCT2HEX	engineering	have	engineering	0	0	number, [places]
EXCEL	BETADIST	compatibility	have	always cumulative; BETA.DIST takes the flag as a REQUIRED MIDDLE argument	0	0	x,alpha,beta,[A],[B]
EXCEL	BETAINV	compatibility	have	SwiftExcelFunctions	0	0	probability,alpha,beta,[A],[B]
EXCEL	BINOMDIST	compatibility	have	SwiftExcelFunctions	0	0	number_s,trials,probability_s,cumulative
EXCEL	CEILING	compatibility	have	math	2	2	number, significance
EXCEL	CHIDIST	compatibility	have	alias of CHISQ.DIST.RT — right tail, NOT CHISQ.DIST	0	0	x,deg_freedom
EXCEL	CHIINV	compatibility	have	alias of CHISQ.INV.RT — right tail, NOT CHISQ.INV	0	0	probability,deg_freedom
EXCEL	CHITEST	compatibility	have	SwiftExcelFunctions	0	0	actual_range,expected_range
EXCEL	CONFIDENCE	compatibility	have	SwiftExcelFunctions	0	0	alpha,standard_dev,size
EXCEL	COVAR	compatibility	have	bindings	25	1	array1,array2
EXCEL	CRITBINOM	compatibility	have	SwiftExcelFunctions	0	0	trials,probability_s,alpha
EXCEL	EXPONDIST	compatibility	have	SwiftExcelFunctions	0	0	x,lambda,cumulative
EXCEL	FDIST	compatibility	have	alias of F.DIST.RT — right tail, NOT F.DIST	0	0	x,deg_freedom1,deg_freedom2
EXCEL	FINV	compatibility	have	alias of F.INV.RT — right tail, NOT F.INV	0	0	probability,deg_freedom1,deg_freedom2
EXCEL	FLOOR	compatibility	have	math	0	0	number, significance
EXCEL	FTEST	compatibility	have	SwiftExcelFunctions	0	0	array1,array2
EXCEL	GAMMADIST	compatibility	have	SwiftExcelFunctions	0	0	x,alpha,beta,cumulative
EXCEL	GAMMAINV	compatibility	have	SwiftExcelFunctions	0	0	probability,alpha,beta
EXCEL	HYPGEOMDIST	compatibility	have	SwiftExcelFunctions	0	0	sample_s,number_sample,population_s,number_pop
EXCEL	LOGINV	compatibility	have	SwiftExcelFunctions	0	0	probability, mean, standard_dev
EXCEL	LOGNORMDIST	compatibility	have	always cumulative; LOGNORM.DIST takes the flag as a required argument	0	0	x,mean,standard_dev
EXCEL	MODE	compatibility	have	mode	0	0	number1,[number2],...
EXCEL	NEGBINOMDIST	compatibility	have	SwiftExcelFunctions	0	0	number_f,number_s,probability_s
EXCEL	NORMDIST	compatibility	have	bindings	0	0	x,mean,standard_dev,cumulative
EXCEL	NORMINV	compatibility	have	bindings	0	0	probability,mean,standard_dev
EXCEL	NORMSDIST	compatibility	have	bindings	0	0	z
EXCEL	NORMSINV	compatibility	have	bindings	0	0	probability
EXCEL	PERCENTILE	compatibility	have	stats	0	0	array,k
EXCEL	PERCENTRANK	compatibility	have	SwiftExcelFunctions	0	0	array,x,[significance]
EXCEL	POISSON	compatibility	have	SwiftExcelFunctions	0	0	x,mean,cumulative
EXCEL	QUARTILE	compatibility	have	SwiftExcelFunctions	0	0	array,quart
EXCEL	RANK	compatibility	have	bindings	0	0	number,ref,[order]
EXCEL	STDEV	compatibility	have	stats	5	1	number1,[number2],...
EXCEL	STDEVP	compatibility	have	stats	0	0	number1,[number2],...
EXCEL	TDIST	compatibility	have	dispatches on its `tails` argument between T.DIST.RT and T.DIST.2T	0	0	x,deg_freedom,tails
EXCEL	TINV	compatibility	have	alias of T.INV.2T — two-tailed, differs from T.INV by a factor of two	0	0	probability,deg_freedom
EXCEL	TTEST	compatibility	have	SwiftExcelFunctions	0	0	array1,array2,tails,type
EXCEL	VAR	compatibility	have	stats	0	0	number1,[number2],...
EXCEL	VARP	compatibility	have	stats	0	0	number1,[number2],...
EXCEL	WEIBULL	compatibility	have	SwiftExcelFunctions	0	0	x,alpha,beta,cumulative
EXCEL	ZTEST	compatibility	have	SwiftExcelFunctions	0	0	array,x,[sigma]
PSI	PsiAbsDev	statistic	have	BuiltinRiskSolverRunStatistics	0	0	cell, simulation, struc_format, param_slice|confirmed
PSI	PsiAPARCH11	distribution	have	AsymmetricPowerArch(unconditionalVolatility:) — BusinessMath 2.17.0	0	0	mean, volatility, delta, gamma, err_coef, ar_coef, val0, stdev0|confirmed
PSI	PsiAR1	distribution	have	risksolver	0	0	mean, volatility, coef1, val0|confirmed
PSI	PsiAR2	distribution	have	risksolver	0	0	mean, volatility, coef1, coef2, val0, val1|confirmed
PSI	PsiARCH1	distribution	have	risksolver	0	0	mean, volatility, err_coef, val0|confirmed
PSI	PsiARMA11	distribution	have	risksolver	0	0	mean, volatility, ar_coef, ma_coef, val0, err0|confirmed
PSI	PsiBaseCase	property	have	risksolver	95	7	value|confirmed
PSI	PsiBernoulli	distribution	have	risksolver	45	2	p|confirmed
PSI	PsiBeta	distribution	have	risksolver	0	0	alpha1, alpha2|confirmed
PSI	PsiBetaGen	distribution	have	risksolver	0	0	alpha1, alpha2, a, b|confirmed
PSI	PsiBetaGenAlt	distribution	have	risksolver	0	0	4 name/value or percentile/value pairs, chosen from: percentile1, percentile2, percentile3, percentile4, shape1, shape2, min, max|confirmed
PSI	PsiBetaSubj	distribution	have	risksolver	0	0	a (min), c (likely), mean, b (max)|confirmed
PSI	PsiBinomial	distribution	have	risksolver	0	0	n, p|confirmed
PSI	PsiBoxFunction	other	out of scope	names a user function for Analytic Solver's black-box optimiser to call; the calling is the engine's, not the evaluator's	0	0	table_range, Arg1, Arg2|confirmed
PSI	PsiBoxIterator	other	out of scope	the iteration counter of that black-box optimiser's loop	0	0	table_range|confirmed
PSI	PsiBurr12	distribution	have	risksolver	0	0	loc, scale, shape1, shape2|confirmed
PSI	PsiCalcParam	other	out of scope	reads a parameter of the active parametric analysis — same run structure as the cube family	0	0	values_or_lower, upper, base_case|confirmed
PSI	PsiCalcValue	other	out of scope	reads a value from that analysis's result grid	0	0	Output_cell, paramidx|confirmed
PSI	PsiCategory	property	have	BuiltinRiskSolverProperties	0	0	string|confirmed
PSI	PsiCauchy	distribution	have	risksolver	0	0	loc, lambda|confirmed
PSI	PsiCauchyAlt	distribution	have	risksolver	0	0	2 percentile/value pairs: percentile1, value1, percentile2, value2|confirmed
PSI	PsiCensor	property	out of scope	marks censored observations for distribution fitting; belongs to the fitting surface, not to evaluation	0	0	min, max, type|confirmed
PSI	PsiCertified	distribution	not ours	names a stored SIP or declares a role — address arithmetic, not mathematics	0	0	name, sipname|confirmed
PSI	PsiCertify	property	out of scope	an Analytic Solver licensing and model-certification directive	0	0	name, default_value, short_description, full_description, version, author, copyright, trademark, history|confirmed
PSI	PsiChiSquare	distribution	have	risksolver	0	0	df|confirmed
PSI	PsiChiSquareAlt	distribution	have	risksolver	0	0	1 parameter, chosen from: percentile or var|confirmed
PSI	PsiCITrials	statistic	out of scope	how many more trials a confidence target needs; a property of a run loop that can stop and restart, which a formula evaluator is not	0	0	cell, confidence_level, tolerance, simulation, struc_format, param_slice|confirmed
PSI	PsiClassifyCT	other	out of scope	reads a model trained in Analytic Solver Data Mining's dialogs — the fitted coefficients, tree or network live in the add-in's own storage, not in the formula, so there is nothing in the workbook for an evaluator to read	0	0	UNCONFIRMED|confirmed
PSI	PsiClassifyCTEnsemble	other	out of scope	reads a model trained in Analytic Solver Data Mining's dialogs — the fitted coefficients, tree or network live in the add-in's own storage, not in the formula, so there is nothing in the workbook for an evaluator to read	0	0	UNCONFIRMED|confirmed
PSI	PsiClassifyDA	other	out of scope	reads a model trained in Analytic Solver Data Mining's dialogs — the fitted coefficients, tree or network live in the add-in's own storage, not in the formula, so there is nothing in the workbook for an evaluator to read	0	0	UNCONFIRMED|confirmed
PSI	PsiClassifyLR	other	out of scope	reads a model trained in Analytic Solver Data Mining's dialogs — the fitted coefficients, tree or network live in the add-in's own storage, not in the formula, so there is nothing in the workbook for an evaluator to read	0	0	UNCONFIRMED|confirmed
PSI	PsiClassifyNB	other	out of scope	reads a model trained in Analytic Solver Data Mining's dialogs — the fitted coefficients, tree or network live in the add-in's own storage, not in the formula, so there is nothing in the workbook for an evaluator to read	0	0	UNCONFIRMED|confirmed
PSI	PsiClassifyNN	other	out of scope	reads a model trained in Analytic Solver Data Mining's dialogs — the fitted coefficients, tree or network live in the add-in's own storage, not in the formula, so there is nothing in the workbook for an evaluator to read	0	0	UNCONFIRMED|confirmed
PSI	PsiClassifyNNEnsemble	other	out of scope	reads a model trained in Analytic Solver Data Mining's dialogs — the fitted coefficients, tree or network live in the add-in's own storage, not in the formula, so there is nothing in the workbook for an evaluator to read	0	0	UNCONFIRMED|confirmed
PSI	PsiCoeffVar	statistic	have	BuiltinRiskSolverRunStatistics	0	0	cell, simulation, struc_format, param_slice|confirmed
PSI	PsiCollect	property	have	BuiltinRiskSolverProperties	0	0	UNCONFIRMED|inferred
PSI	PsiCompound	property	out of scope	compounds one distribution's draw into another's parameter across trials, which needs the trial loop	0	0	number_cell, deduction, limit|confirmed
PSI	PsiCon	annotation	not ours	role declaration, belongs with solver_adj	0	0	LHS, relation, RHS, active, chance_type, chance_measure, comment, model_name, critical|confirmed
PSI	PsiConverged	statistic	out of scope	whether a run met its convergence criteria; the criteria are PsiConvergence, already out of scope for the same reason	0	0	output_cell, [simulation]|confirmed
PSI	PsiConvergence	property	out of scope	sets when a run may stop; there is no run loop here to stop	0	0	tol, type, level, mean, stdev, perc, val|confirmed
PSI	PsiCopula	property	out of scope	a dependence structure across several inputs — same reason as PsiCorrDepen, and needs the joint draw this evaluator does not make	0	0	type, param, reflection, instance|confirmed
PSI	PsiCopulaGauss	property	out of scope	a Gaussian copula across several inputs; needs a joint draw	0	0	number_range, position, instance|confirmed
PSI	PsiCopulaStudent	property	out of scope	a Student copula across several inputs; needs a joint draw	0	0	number_range, position, df, instance|confirmed
PSI	PsiCorrDepen	property	out of scope	joins inputs into a correlated group; correlation is a property of a set of inputs drawn together, and this evaluator draws one cell at a time	0	0	corrname, coefficient|confirmed
PSI	PsiCorrelation	statistic	have	BuiltinRiskSolverRunStatistics	0	0	cell1, cell2, simulation|confirmed
PSI	PsiCorrIndep	property	out of scope	the same, declaring independence within a group	0	0	corrname|confirmed
PSI	PsiCorrMatrix	property	bindable	isValidCorrelationMatrix	0	0	matrix_cell_range, position, instance|confirmed
PSI	PsiCount	statistic	have	BuiltinRiskSolverRunStatistics	0	0	cell, type, simulation|confirmed
PSI	PsiCube	other	out of scope	addresses a multi-dimensional parametric analysis — a grid of solves across parameter values, which is a run structure rather than a formula	0	0	range_with_values, dim1, dim2, dim3|confirmed
PSI	PsiCubeData	other	out of scope	addresses a multi-dimensional parametric analysis — a grid of solves across parameter values, which is a run structure rather than a formula	0	0	output_cell, struc_format|confirmed
PSI	PsiCubeOutput	other	out of scope	addresses a multi-dimensional parametric analysis — a grid of solves across parameter values, which is a run structure rather than a formula	0	0	output_cell|confirmed
PSI	PsiCumul	distribution	have	risksolver	0	0	a, b, {x1..xn}, {p1..pn}|confirmed
PSI	PsiCumulD	distribution	have	risksolver	0	0	min, max, {x1..xn}, {p1..pn}|confirmed
PSI	PsiCurrentOpt	other	out of scope	reports a value from a COMPLETED optimisation. This package reads Solver models (ExcelSolverReader) and BusinessMath can solve them, but there is no seam carrying a finished solve back to the evaluator — the exact counterpart of SimulationResultProvider, and the one addition that would make this whole group implementable at once	0	0	(none)|inferred
PSI	PsiBVaR	statistic	have	SimulationResults.valueAtRisk — negate at binding	4	3	cell, percentile, simulation, [struc_format], [param_slice]|confirmed
PSI	PsiCVaR	statistic	have	SimulationResults.conditionalValueAtRisk — negate at binding; tail exact	1	1	cell, percentile, simulation, struc_format, param_slice|confirmed
PSI	PsiDagum	distribution	have	risksolver	0	0	loc, scale, shape1, shape2|confirmed
PSI	PsiData	statistic	have	BuiltinRiskSolverRunStatistics	0	0	cell, trial, simulation, struc_format, param_slice|confirmed
PSI	PsiDataSrc	other	out of scope	a data connection or transformation step in Analytic Solver's ETL surface; it names external data this package is never handed	0	0	src_name, val_col_names, data, idx1_name, idx1_elem, idx2_name, idx2_elem|confirmed
PSI	PsiDblTriang	distribution	have	risksolver	0	0	min, likely, max, p|confirmed
PSI	PsiDecTable	other	out of scope	a decision table — a payoff grid with its own evaluation rules, which is a modelling construct rather than a function of its arguments	0	0	table_range, output, ret_header, input_val1, input_val2|confirmed
PSI	PsiDim	other	out of scope	addresses a multi-dimensional parametric analysis — a grid of solves across parameter values, which is a run structure rather than a formula	0	0	name, range_or_array|confirmed
PSI	PsiDimActive	property	out of scope	selects the active slice of a multi-dimensional parametric analysis	0	0	opt, sim, sen|confirmed
PSI	PsiDimLock	property	out of scope	locks a dimension of a multi-dimensional parametric analysis	0	0	elem_or_index|confirmed
PSI	PsiDiscrete	distribution	have	risksolver	20	8	{x1..xn}, {p1..pn}|confirmed
PSI	PsiDistInfo	statistic	out of scope	metadata about a distribution fitted by PsiFit's dialog; the fit is the add-in's	0	0	cell, [info]|confirmed
PSI	PsiDisUniform	distribution	have	risksolver	0	0	{x1..xn}|confirmed
PSI	PsiDualLower	other	out of scope	reports a value from a COMPLETED optimisation. This package reads Solver models (ExcelSolverReader) and BusinessMath can solve them, but there is no seam carrying a finished solve back to the evaluator — the exact counterpart of SimulationResultProvider, and the one addition that would make this whole group implementable at once	0	0	cell, optimization|confirmed
PSI	PsiDualUpper	other	out of scope	reports a value from a COMPLETED optimisation. This package reads Solver models (ExcelSolverReader) and BusinessMath can solve them, but there is no seam carrying a finished solve back to the evaluator — the exact counterpart of SimulationResultProvider, and the one addition that would make this whole group implementable at once	0	0	cell, optimization|confirmed
PSI	PsiDualValue	other	out of scope	reports a value from a COMPLETED optimisation. This package reads Solver models (ExcelSolverReader) and BusinessMath can solve them, but there is no seam carrying a finished solve back to the evaluator — the exact counterpart of SimulationResultProvider, and the one addition that would make this whole group implementable at once	0	0	cell, optimization, upper|confirmed
PSI	PsiEGARCH11	distribution	have	risksolver	0	0	mean, volatility, theta, gamma, err_coef, ar_coef, val0, stdev0|confirmed
PSI	PsiEngine	annotation	not ours	role declaration, belongs with solver_adj	0	0	engine_name, model_name|confirmed
PSI	PsiErf	distribution	have	risksolver	0	0	h|confirmed
PSI	PsiErfAlt	distribution	have	risksolver	0	0	1 parameter, chosen from: percentile or var|confirmed
PSI	PsiErlang	distribution	have	risksolver	0	0	k, beta|confirmed
PSI	PsiExpGain	statistic	have	BuiltinRiskSolverRunStatistics	0	0	cell, simulation, struc_format, param_slice|confirmed
PSI	PsiExpGainRatio	statistic	have	BuiltinRiskSolverRunStatistics	0	0	cell, simulation, struc_format, param_slice|confirmed
PSI	PsiExpLoss	statistic	have	BuiltinRiskSolverRunStatistics	0	0	cell, simulation, struc_format, param_slice|confirmed
PSI	PsiExpLossRatio	statistic	have	BuiltinRiskSolverRunStatistics	0	0	cell, simulation, struc_format, param_slice|confirmed
PSI	PsiExponential	distribution	have	risksolver	0	0	beta|confirmed
PSI	PsiExponentialAlt	distribution	have	risksolver	0	0	1 parameter, chosen from: percentile or var|confirmed
PSI	PsiExport	other	out of scope	a data connection or transformation step in Analytic Solver's ETL surface; it names external data this package is never handed	0	0	src_name, src_type, connection, data_range, result|confirmed
PSI	PsiExpValMargin	statistic	have	BuiltinRiskSolverRunStatistics	0	0	cell, simulation, struc_format, param_slice|confirmed
PSI	PsiFatigueLife	distribution	have	risksolver	0	0	loc, scale, shape|confirmed
PSI	PsiFatigueLifeAlt	distribution	have	risksolver	0	0	3 name/value pairs, names chosen from: loc, scale, shape, or a percentile (0-1); e.g. PsiFatigueLifeAlt(5%, 1.5, 50%, 2.5, 95%, 4.5)|confirmed
PSI	PsiFDist	distribution	have	risksolver	0	0	df1, df2|confirmed
PSI	PsiFinalValue	other	out of scope	reports a value from a COMPLETED optimisation. This package reads Solver models (ExcelSolverReader) and BusinessMath can solve them, but there is no seam carrying a finished solve back to the evaluator — the exact counterpart of SimulationResultProvider, and the one addition that would make this whole group implementable at once	0	0	cell, optimization|confirmed
PSI	PsiFit	distribution	have	risksolver	0	0	data|confirmed
PSI	PsiFitInfo	property	out of scope	reports on a fit produced by PsiFit's dialog; the fit is the add-in's, not this package's	0	0	name, criterion|confirmed
PSI	PsiForecast	other	bindable	linearRegression	0	0	Model, Input_Data, Simulate, Num_Forecasts, Header|confirmed
PSI	PsiForecastARIMA	other	out of scope	no ARIMA upstream; BusinessMath has moving average and exponential smoothing but no Box-Jenkins fitting, and the mathematics belongs there rather than in a binding layer	0	0	UNCONFIRMED|confirmed
PSI	PsiForecastDoubleExp	other	have	BuiltinRiskSolverForecast	0	0	UNCONFIRMED|confirmed
PSI	PsiForecastETS	other	out of scope	no error-trend-seasonal state-space model upstream, for the same reason as PsiForecastARIMA	0	0	target_date, values, timeline, seasonality, data_completion, aggregation, simulate|confirmed
PSI	PsiForecastExp	other	have	BuiltinRiskSolverForecast	0	0	UNCONFIRMED|confirmed
PSI	PsiForecastHoltWinters	other	out of scope	no triple exponential smoothing upstream; BusinessMath has double, which is the same family one order down	0	0	UNCONFIRMED|confirmed
PSI	PsiForecastLinear	other	have	BuiltinRiskSolverForecast	0	0	X, known_ys, known_xs, simulate|confirmed
PSI	PsiForecastMovingAvg	other	have	BuiltinRiskSolverForecast	0	0	UNCONFIRMED|confirmed
PSI	PsiFrechet	distribution	have	risksolver	0	0	loc, scale, shape|confirmed
PSI	PsiFrechetAlt	distribution	have	risksolver	0	0	3 name/value pairs, names chosen from: loc, scale, shape, or a percentile (0-1)|confirmed
PSI	PsiFrequency	statistic	have	BuiltinRiskSolverRunStatistics	0	0	cell, freq_type, bin_bounds, simulation|confirmed
PSI	PsiGamma	distribution	have	risksolver	0	0	alpha, beta|confirmed
PSI	PsiGammaAlt	distribution	have	risksolver	0	0	2 parameters, chosen from: percentile1, percentile2, mean, var, shape, scale|confirmed
PSI	PsiGARCH11	distribution	have	risksolver	0	0	mean, volatility, err_coef, ar_coef, val0, stdev0|confirmed
PSI	PsiGeneral	distribution	have	risksolver	0	0	a, b, {x1..xn}, {w1..wn}|confirmed
PSI	PsiGeometric	distribution	have	risksolver	0	0	p|confirmed
PSI	PsiHistogram	distribution	have	risksolver	0	0	a, b, {w1..wn}|confirmed
PSI	PsiHyperGeo	distribution	have	risksolver	0	0	n, D, M|confirmed
PSI	PsiHypSecant	distribution	have	risksolver	0	0	loc, scale|confirmed
PSI	PsiHypSecantAlt	distribution	have	risksolver	0	0	2 parameters: two different percentiles, or percentile and loc, or percentile and scale|confirmed
PSI	PsiInitialValue	other	out of scope	reports a value from a COMPLETED optimisation. This package reads Solver models (ExcelSolverReader) and BusinessMath can solve them, but there is no seam carrying a finished solve back to the evaluator — the exact counterpart of SimulationResultProvider, and the one addition that would make this whole group implementable at once	0	0	cell, optimization|confirmed
PSI	PsiInput	annotation	not ours	role declaration, belongs with solver_adj	0	0	cell_or_name|confirmed
PSI	PsiIntUniform	distribution	have	risksolver	6	1	a, b|confirmed
PSI	PsiInvNormal	distribution	have	risksolver	0	0	mu, lambda|confirmed
PSI	PsiInvNormalAlt	distribution	have	risksolver	0	0	2 parameters, chosen from: two different percentiles, mean, var, scale|confirmed
PSI	PsiJohnsonSB	distribution	have	risksolver	0	0	shape1, shape2, min, max|confirmed
PSI	PsiJohnsonSU	distribution	have	risksolver	0	0	shape1, shape2, loc, scale|confirmed
PSI	PsiJoin	other	out of scope	a data connection or transformation step in Analytic Solver's ETL surface; it names external data this package is never handed	0	0	Table1, Table2, Clause, Return_table|confirmed
PSI	PsiKendallTau	statistic	out of scope	no Kendall tau-b upstream — BusinessMath has kendallW, a different statistic — and an O(n^2) pairwise count is not viable across a run's trials; the O(n log n) form belongs in BusinessMath beside spearmansRho, not in a binding layer	0	0	cell1, cell2|confirmed
PSI	PsiKumaraswamy	distribution	have	risksolver	0	0	shape1, shape2, min, max|confirmed
PSI	PsiKurtosis	statistic	have	BuiltinRiskSolverRunStatistics	0	0	cell, simulation, struc_format, param_slice|confirmed
PSI	PsiLaplace	distribution	have	risksolver	0	0	loc, beta (scale)|confirmed
PSI	PsiLaplaceAlt	distribution	have	risksolver	0	0	2 parameters, chosen from: two different percentiles or the standard deviation|confirmed
PSI	PsiLevy	distribution	have	risksolver	0	0	loc, scale|confirmed
PSI	PsiLevyAlt	distribution	have	risksolver	0	0	2 parameters: two different percentiles, or percentile and loc, or percentile and scale|confirmed
PSI	PsiLock	property	have	BuiltinRiskSolverProperties	0	0	value|confirmed
PSI	PsiLogarithmic	distribution	have	risksolver	0	0	p|confirmed
PSI	PsiLogistic	distribution	have	risksolver	0	0	mu, s|confirmed
PSI	PsiLogisticAlt	distribution	have	risksolver	0	0	2 parameters, chosen from: 2 different percentiles, mean, var, scale|confirmed
PSI	PsiLogLogistic	distribution	have	risksolver	0	0	gamma, beta, alpha|confirmed
PSI	PsiLogLogisticAlt	distribution	have	risksolver	0	0	3 parameters, chosen from: 3 different percentiles, loc, scale, shape|confirmed
PSI	PsiLogNorm2	distribution	have	risksolver	0	0	mu, sigma (log-scale: mean/stdev of the underlying Normal)|confirmed
PSI	PsiLogNormal	distribution	have	risksolver	40	1	mu, sigma (arithmetic mean/stdev of the lognormal itself)|confirmed
PSI	PsiLogNormalAlt	distribution	have	risksolver	0	0	2 parameters: 2 different percentiles, or percentile and mean, or percentile and stdev|confirmed
PSI	PsiMA1	distribution	have	risksolver	0	0	mean, volatility, coef1, err0|confirmed
PSI	PsiMA2	distribution	have	risksolver	0	0	mean, volatility, coef1, coef2, err0, err1|confirmed
PSI	PsiMakeInput	distribution	new	CompoundLossModel exists; freq/expr are host semantics, not mathematics	0	0	freq, expr, deduct, limit|confirmed
PSI	PsiMax	statistic	bindable	ScenarioSet.range	0	0	cell, simulation, struc_format, param_slice|confirmed
PSI	PsiMaxExtreme	distribution	have	risksolver	0	0	m, s|confirmed
PSI	PsiMaxExtremeAlt	distribution	have	risksolver	0	0	2 parameters, chosen from: 2 different percentiles, mean, var, mode, scale|confirmed
PSI	PsiMean	statistic	have	SimulationResults trial values — not FinancialSimulation (metric closure)	31	13	cell, simulation, struc_format, param_slice|confirmed
PSI	PsiMeanCI	statistic	bindable	SimulationResults trial values — not FinancialSimulation (metric closure)	0	0	cell, confidence_level, simulation, struc_format, param_slice|confirmed
PSI	PsiMeanCIB	statistic	bindable	SimulationResults trial values — not FinancialSimulation (metric closure)	0	0	cell, confidence_level, [lowerbound], [simulation], [strucformat], [paramslice]|confirmed
PSI	PsiMedian	statistic	bindable	median	0	0	cell, simulation, struc_format, param_slice|confirmed
PSI	PsiMetalog	distribution	have	risksolver	0	0	min, max, coefficients, prop_fcns|confirmed
PSI	PsiMetalog2	distribution	have	risksolver	0	0	coefficients|confirmed
PSI	PsiMetalog2Fit	distribution	have	risksolver	0	0	num_coef, x_values, y_values|confirmed
PSI	PsiMetalogFit	distribution	have	risksolver	0	0	num_coef, x_values, y_values|confirmed
PSI	PsiMetalogSPT	distribution	have	risksolver	0	0	min, max, quantiles, prob, prop_fcns|confirmed
PSI	PsiMin	statistic	bindable	ScenarioSet.range	0	0	cell, simulation, struc_format, param_slice|confirmed
PSI	PsiMinExtreme	distribution	have	risksolver	0	0	m, s|confirmed
PSI	PsiMinExtremeAlt	distribution	have	risksolver	0	0	2 parameters, chosen from: 2 different percentiles, mean, var, mode, scale|confirmed
PSI	PsiMode	statistic	bindable	mode	0	0	cell, simulation, struc_format, param_slice|confirmed
PSI	PsiModel	annotation	not ours	role declaration, belongs with solver_adj	0	0	option_name, value, model_name|confirmed
PSI	PsiModelDesc	annotation	not ours	role declaration, belongs with solver_adj	0	0	cell_or_name|confirmed
PSI	PsiModelSrc	other	out of scope	a data connection or transformation step in Analytic Solver's ETL surface; it names external data this package is never handed	0	0	src_name, data_name|confirmed
PSI	PsiMomentFit	distribution	have	risksolver	0	0	mean, stdev, skew, kurtosis|confirmed
PSI	PsiMVLogNormal	distribution	have	risksolver	0	0	mu, sigma|confirmed
PSI	PsiMVNormal	distribution	have	risksolver	0	0	mu, sigma|confirmed
PSI	PsiMVResample	distribution	have	risksolver	0	0	data|confirmed
PSI	PsiMVShuffle	distribution	have	risksolver	0	0	data|confirmed
PSI	PsiMyerson	distribution	have	risksolver	0	0	a, b, c, t|confirmed
PSI	PsiName	property	have	risksolver	25	7	name|confirmed
PSI	PsiNegBinomial	distribution	have	risksolver	0	0	s, p|confirmed
PSI	PsiNormal	distribution	have	risksolver	12	4	mu (mean), sigma (stdev)|confirmed
PSI	PsiNormalAlt	distribution	have	risksolver	0	0	2 parameters: 2 different percentiles, or percentile and mean, or percentile and stdev|confirmed
PSI	PsiNormalSkew	distribution	have	risksolver	0	0	a (lower bound), b (upper bound), c (skew)|confirmed
PSI	PsiObj	annotation	not ours	role declaration, belongs with solver_adj	0	0	objective_cell, sense, valueof, chance_type, chance_measure, comment, model_name, critical|confirmed
PSI	PsiOptData	other	out of scope	reports a value from a COMPLETED optimisation. This package reads Solver models (ExcelSolverReader) and BusinessMath can solve them, but there is no seam carrying a finished solve back to the evaluator — the exact counterpart of SimulationResultProvider, and the one addition that would make this whole group implementable at once	0	0	output_cell, optimization, struc_format, param_slice|confirmed
PSI	PsiOption	annotation	not ours	role declaration, belongs with solver_adj	0	0	option_name, value, model_name|confirmed
PSI	PsiOptParam	annotation	not ours	role declaration, belongs with solver_adj	14	11	values_or_lower, upper, base_case|confirmed
PSI	PsiOptStatus	other	out of scope	reports a value from a COMPLETED optimisation. This package reads Solver models (ExcelSolverReader) and BusinessMath can solve them, but there is no seam carrying a finished solve back to the evaluator — the exact counterpart of SimulationResultProvider, and the one addition that would make this whole group implementable at once	0	0	UNCONFIRMED|inferred
PSI	PsiOptValue	other	out of scope	reports a value from a COMPLETED optimisation. This package reads Solver models (ExcelSolverReader) and BusinessMath can solve them, but there is no seam carrying a finished solve back to the evaluator — the exact counterpart of SimulationResultProvider, and the one addition that would make this whole group implementable at once	0	0	cell_or_name, optimization, model|confirmed
PSI	PsiOutput	annotation	have	risksolver	24	11	cell_or_name, [instance], [PsiSixSigma]|confirmed
PSI	PsiParamDim	other	out of scope	addresses a multi-dimensional parametric analysis — a grid of solves across parameter values, which is a run structure rather than a formula	0	0	name, range_or_array|confirmed
PSI	PsiPareto	distribution	have	risksolver	0	0	theta, a|confirmed
PSI	PsiPareto2	distribution	have	risksolver	0	0	b, q|confirmed
PSI	PsiPareto2Alt	distribution	have	risksolver	0	0	2 parameters, chosen from: 2 different percentiles, scale, shape|confirmed
PSI	PsiParetoAlt	distribution	have	risksolver	0	0	2 parameters, chosen from: 2 different percentiles, shape, scale|confirmed
PSI	PsiPearson5	distribution	have	risksolver	0	0	alpha, beta|confirmed
PSI	PsiPearson5Alt	distribution	have	risksolver	0	0	2 parameters, chosen from: 2 different percentiles, shape, scale|confirmed
PSI	PsiPearson6	distribution	have	risksolver	0	0	alpha1, alpha2, beta|confirmed
PSI	PsiPearson6Alt	distribution	have	risksolver	0	0	2 parameters, chosen from: 2 different percentiles, shape, scale|confirmed
PSI	PsiPercentile	statistic	have	Percentiles.percentile — not FinancialSimulation (metric closure)	28	4	cell, percentile, simulation, struc_format, param_slice|confirmed
PSI	PsiPercentileCI	statistic	bindable	Percentiles.percentile — not FinancialSimulation (metric closure)	0	0	cell, percentile, confidence_level, [simulation]|confirmed
PSI	PsiPercentileD	statistic	bindable	Percentiles.percentile — not FinancialSimulation (metric closure)	0	0	cell, percentile, simulation|confirmed
PSI	PsiPercentiles	statistic	bindable	Percentiles.percentile — not FinancialSimulation (metric closure)	0	0	cell, [simulation], [struc_format], [param_slice]|confirmed
PSI	PsiPert	distribution	have	risksolver	0	0	a (min), c (likely), b (max)|confirmed
PSI	PsiPertAlt	distribution	have	risksolver	0	0	3 parameters, chosen from: 3 different percentiles, mean, var, min, likely, max|confirmed
PSI	PsiPivotCube	other	out of scope	addresses a multi-dimensional parametric analysis — a grid of solves across parameter values, which is a run structure rather than a formula	0	0	cell_within_pivot|confirmed
PSI	PsiPivotDim	other	out of scope	addresses a multi-dimensional parametric analysis — a grid of solves across parameter values, which is a run structure rather than a formula	0	0	cell_within_pivot, dim_name, dim_type|confirmed
PSI	PsiPoisson	distribution	have	risksolver	0	0	lambda|confirmed
PSI	PsiPosteriors	other	out of scope	reads a model trained in Analytic Solver Data Mining's dialogs — the fitted coefficients, tree or network live in the add-in's own storage, not in the formula, so there is nothing in the workbook for an evaluator to read	0	0	Model, Input_Data, Header|confirmed
PSI	PsiPredict	other	out of scope	reads a model trained in Analytic Solver Data Mining's dialogs — the fitted coefficients, tree or network live in the add-in's own storage, not in the formula, so there is nothing in the workbook for an evaluator to read	0	0	Model, Input_Data, Header|confirmed
PSI	PsiPredictMLR	other	out of scope	reads a model trained in Analytic Solver Data Mining's dialogs — the fitted coefficients, tree or network live in the add-in's own storage, not in the formula, so there is nothing in the workbook for an evaluator to read	0	0	UNCONFIRMED|confirmed
PSI	PsiPredictNN	other	out of scope	reads a model trained in Analytic Solver Data Mining's dialogs — the fitted coefficients, tree or network live in the add-in's own storage, not in the formula, so there is nothing in the workbook for an evaluator to read	0	0	UNCONFIRMED|confirmed
PSI	PsiPredictNNEnsemble	other	out of scope	reads a model trained in Analytic Solver Data Mining's dialogs — the fitted coefficients, tree or network live in the add-in's own storage, not in the formula, so there is nothing in the workbook for an evaluator to read	0	0	UNCONFIRMED|confirmed
PSI	PsiPredictRT	other	out of scope	reads a model trained in Analytic Solver Data Mining's dialogs — the fitted coefficients, tree or network live in the add-in's own storage, not in the formula, so there is nothing in the workbook for an evaluator to read	0	0	UNCONFIRMED|confirmed
PSI	PsiPredictRTEnsemble	other	out of scope	reads a model trained in Analytic Solver Data Mining's dialogs — the fitted coefficients, tree or network live in the add-in's own storage, not in the formula, so there is nothing in the workbook for an evaluator to read	0	0	UNCONFIRMED|confirmed
PSI	PsiPtoX	statistic	have	BuiltinRiskSolverRunStatistics	0	0	cell, percentile, simulation, struc_format, param_slice|confirmed
PSI	PsiQtoX	statistic	have	BuiltinRiskSolverRunStatistics	0	0	cell, percentile, simulation|confirmed
PSI	PsiRange	statistic	have	BuiltinRiskSolverRunStatistics	0	0	cell, simulation, struc_format, param_slice|confirmed
PSI	PsiRayleigh	distribution	have	risksolver	0	0	beta|confirmed
PSI	PsiRayleighAlt	distribution	have	risksolver	0	0	1 parameter, chosen from: percentile, var, mean|confirmed
PSI	PsiReciprocal	distribution	have	risksolver	0	0	min, max|confirmed
PSI	PsiReduce	other	out of scope	a data connection or transformation step in Analytic Solver's ETL surface; it names external data this package is never handed	0	0	cube_expression, aggregation, dimension|confirmed
PSI	PsiResample	distribution	have	risksolver	0	0	data|confirmed
PSI	PsiSample	property	out of scope	chooses a sampling method for one input — Latin hypercube, Sobol — which is the engine's choice of point set, not a property of the formula	0	0	array_or_dist|confirmed
PSI	PsiSeed	property	out of scope	seeds one input's own stream; FormulaEvaluator draws from a single RandomSource the caller supplies and has no per-input streams to seed	0	0	value|confirmed
PSI	PsiSemiDev	statistic	have	BuiltinRiskSolverRunStatistics	0	0	cell, q, target, simulation, struc_format, param_slice|confirmed
PSI	PsiSemiDev2	statistic	have	BuiltinRiskSolverRunStatistics	0	0	cell, [lowerdata], [simulation], [strucformat], [paramslice]|confirmed
PSI	PsiSemiVar	statistic	have	BuiltinRiskSolverRunStatistics	0	0	cell, q, target, simulation, struc_format, param_slice|confirmed
PSI	PsiSemiVar2	statistic	have	BuiltinRiskSolverRunStatistics	0	0	cell, [lowerdata], [simulation], [strucformat], [paramslice]|confirmed
PSI	PsiSenParam	annotation	not ours	role declaration, belongs with solver_adj	15	9	values_or_lower, upper, base_case|confirmed
PSI	PsiSenValue	other	out of scope	reports a value from a COMPLETED optimisation. This package reads Solver models (ExcelSolverReader) and BusinessMath can solve them, but there is no seam carrying a finished solve back to the evaluator — the exact counterpart of SimulationResultProvider, and the one addition that would make this whole group implementable at once	0	0	cell_or_name|confirmed
PSI	PsiShift	property	have	BuiltinRiskSolverProperties	0	0	shift|confirmed
PSI	PsiShuffle	distribution	have	risksolver	0	0	data|confirmed
PSI	PsiSigmaCP	statistic	have	BuiltinRiskSolverSixSigma	0	0	cell, lower_limit, upper_limit, simulation, struc_format, param_slice|confirmed
PSI	PsiSigmaCPK	statistic	have	BuiltinRiskSolverSixSigma	0	0	cell, lower_limit, upper_limit, simulation, struc_format, param_slice|confirmed
PSI	PsiSigmaCPKLower	statistic	have	BuiltinRiskSolverSixSigma	0	0	cell, lower_limit, simulation, struc_format, param_slice|confirmed
PSI	PsiSigmaCPKUpper	statistic	have	BuiltinRiskSolverSixSigma	0	0	cell, upper_limit, simulation, struc_format, param_slice|confirmed
PSI	PsiSigmaCPM	statistic	have	BuiltinRiskSolverSixSigma	0	0	cell, lower_limit, upper_limit, target, simulation, struc_format, param_slice|confirmed
PSI	PsiSigmaDefectPPM	statistic	have	BuiltinRiskSolverSixSigma	0	0	cell, lower_limit, upper_limit, simulation, struc_format, param_slice|confirmed
PSI	PsiSigmaDefectShiftPPM	statistic	have	BuiltinRiskSolverSixSigma	0	0	cell, lower_limit, upper_limit, shift, simulation, struc_format, param_slice|confirmed
PSI	PsiSigmaDefectShiftPPMLower	statistic	have	BuiltinRiskSolverSixSigma	0	0	cell, lower_limit, shift, simulation, struc_format, param_slice|confirmed
PSI	PsiSigmaDefectShiftPPMUpper	statistic	have	BuiltinRiskSolverSixSigma	0	0	cell, upper_limit, shift, simulation, struc_format, param_slice|confirmed
PSI	PsiSigmaK	statistic	have	BuiltinRiskSolverSixSigma	0	0	cell, lower_limit, upper_limit, simulation, struc_format, param_slice|confirmed
PSI	PsiSigmaLowerBound	statistic	have	BuiltinRiskSolverSixSigma	0	0	cell, number_stdev, simulation, struc_format, param_slice|confirmed
PSI	PsiSigmaProbDefectShift	statistic	have	BuiltinRiskSolverSixSigma	0	0	cell, lower_limit, upper_limit, shift, simulation, struc_format, param_slice|confirmed
PSI	PsiSigmaProbDefectShiftLower	statistic	have	BuiltinRiskSolverSixSigma	0	0	cell, lower_limit, shift, simulation, struc_format, param_slice|confirmed
PSI	PsiSigmaProbDefectShiftUpper	statistic	have	BuiltinRiskSolverSixSigma	0	0	cell, upper_limit, shift, simulation, struc_format, param_slice|confirmed
PSI	PsiSigmaSigmaLevel	statistic	have	BuiltinRiskSolverSixSigma	0	0	cell, lower_limit, upper_limit, shift, simulation, struc_format, param_slice|confirmed
PSI	PsiSigmaUpperBound	statistic	have	BuiltinRiskSolverSixSigma	0	0	cell, number_stdev, simulation, struc_format, param_slice|confirmed
PSI	PsiSigmaYield	statistic	have	BuiltinRiskSolverSixSigma	0	0	cell, lower_limit, upper_limit, shift, simulation, struc_format, param_slice|confirmed
PSI	PsiSigmaZLower	statistic	have	BuiltinRiskSolverSixSigma	0	0	cell, lower_limit, simulation, struc_format, param_slice|confirmed
PSI	PsiSigmaZMin	statistic	have	BuiltinRiskSolverSixSigma	0	0	cell, lower_limit, upper_limit, simulation, struc_format, param_slice|confirmed
PSI	PsiSigmaZUpper	statistic	have	BuiltinRiskSolverSixSigma	0	0	cell, upper_limit, simulation, struc_format, param_slice|confirmed
PSI	PsiSimData	statistic	have	BuiltinRiskSolverRunStatistics	0	0	cell, trial, simulation, struc_format, param_slice|confirmed
PSI	PsiSimOutput	annotation	not ours	role declaration, belongs with solver_adj	0	0	[cell_range]|confirmed
PSI	PsiSimParam	annotation	not ours	role declaration, belongs with solver_adj	5	2	values, upper, base_case|confirmed
PSI	PsiSip	distribution	not ours	names a stored SIP or declares a role — address arithmetic, not mathematics	0	0	sip|confirmed
PSI	PsiSixSigma	property	have	BuiltinRiskSolverSixSigma	0	0	p1, p2, p3, p4, p5|confirmed
PSI	PsiSkewness	statistic	have	BuiltinRiskSolverRunStatistics	0	0	cell, simulation, struc_format, param_slice|confirmed
PSI	PsiSlackValue	other	out of scope	reports a value from a COMPLETED optimisation. This package reads Solver models (ExcelSolverReader) and BusinessMath can solve them, but there is no seam carrying a finished solve back to the evaluator — the exact counterpart of SimulationResultProvider, and the one addition that would make this whole group implementable at once	0	0	cell, optimization, upper|confirmed
PSI	PsiSlurp	distribution	not ours	names a stored SIP or declares a role — address arithmetic, not mathematics	0	0	slurp, j|confirmed
PSI	PsiSpearmanRho	statistic	have	BuiltinRiskSolverRunStatistics	0	0	cell1, cell2|confirmed
PSI	PsiStatic	property	have	BuiltinRiskSolverProperties	0	0	static_val|confirmed
PSI	PsiStdDev	statistic	have	SimulationResults.statistics.stdDev — sample, not population	4	3	cell, simulation, struc_format, param_slice|confirmed
PSI	PsiStdDevCI	statistic	out of scope	a confidence interval on the standard deviation, and Frontline does not say whether it reports the interval, its half-width, or one end — unmeasurable here, since a Psi* workbook opens without the add-in reading #NAME?	0	0	cell, confidence_level, simulation, struc_format, param_slice|confirmed
PSI	PsiStdErr	statistic	have	BuiltinRiskSolverRunStatistics	0	0	cell, simulation, struc_format, param_slice|confirmed
PSI	PsiStudent	distribution	have	risksolver	0	0	df|confirmed
PSI	PsiStudentAlt	distribution	have	risksolver	0	0	1 percentile parameter|confirmed
PSI	PsiTableCube	other	out of scope	addresses a multi-dimensional parametric analysis — a grid of solves across parameter values, which is a run structure rather than a formula	0	0	table_description, table_values|confirmed
PSI	PsiTarget	statistic	have	computed at binding — no inclusive form upstream (probabilityBelow is strict <)	5	2	cell, target_value, simulation, struc_format, param_slice|confirmed
PSI	PsiTargetCI	statistic	bindable	computed at binding — no inclusive form upstream (probabilityBelow is strict <)	0	0	cell, target_value, confidence_level, [simulation]|confirmed
PSI	PsiTargetD	statistic	bindable	computed at binding — no inclusive form upstream (probabilityBelow is strict <)	0	0	cell_or_name, target_value, simulation|confirmed
PSI	PsiTheoKurtosis	statistic	have	BuiltinRiskSolverTheoretical	0	0	cell_or_name|confirmed
PSI	PsiTheoMax	statistic	have	BuiltinRiskSolverTheoretical	0	0	cell_or_name|confirmed
PSI	PsiTheoMean	statistic	have	BuiltinRiskSolverTheoretical	0	0	cell_or_name|confirmed
PSI	PsiTheoMedian	statistic	have	BuiltinRiskSolverTheoretical	0	0	cell_or_name|confirmed
PSI	PsiTheoMin	statistic	have	BuiltinRiskSolverTheoretical	0	0	cell_or_name|confirmed
PSI	PsiTheoMode	statistic	have	BuiltinRiskSolverTheoretical	0	0	cell_or_name|confirmed
PSI	PsiTheoPercentile	statistic	have	BuiltinRiskSolverTheoretical	0	0	cell_or_name, percentile|confirmed
PSI	PsiTheoPercentileD	statistic	have	BuiltinRiskSolverTheoretical	0	0	cell_or_name, percentile|confirmed
PSI	PsiTheoPtoX	statistic	have	BuiltinRiskSolverTheoretical	0	0	cell_or_name, percentile|confirmed
PSI	PsiTheoQtoX	statistic	have	BuiltinRiskSolverTheoretical	0	0	cell_or_name, percentile|confirmed
PSI	PsiTheoRange	statistic	have	BuiltinRiskSolverTheoretical	0	0	cell_or_name|confirmed
PSI	PsiTheoSkewness	statistic	have	BuiltinRiskSolverTheoretical	0	0	cell_or_name|confirmed
PSI	PsiTheoStdDev	statistic	have	BuiltinRiskSolverTheoretical	0	0	cell_or_name|confirmed
PSI	PsiTheoTarget	statistic	have	BuiltinRiskSolverTheoretical	0	0	cell_or_name, target|confirmed
PSI	PsiTheoTargetD	statistic	have	BuiltinRiskSolverTheoretical	0	0	cell_or_name, target|confirmed
PSI	PsiTheoVariance	statistic	have	BuiltinRiskSolverTheoretical	0	0	cell_or_name|confirmed
PSI	PsiTheoXtoP	statistic	have	BuiltinRiskSolverTheoretical	0	0	cell_or_name, target|confirmed
PSI	PsiTheoXtoQ	statistic	have	BuiltinRiskSolverTheoretical	0	0	cell_or_name, target|confirmed
PSI	PsiTheoXtoY	statistic	out of scope	the documented argument list does not say what Y is, and there is no add-in to ask	0	0	cell_or_name, value|confirmed
PSI	PsiTransform	other	out of scope	a data connection or transformation step in Analytic Solver's ETL surface; it names external data this package is never handed	0	0	Model, Input_Data, Header|confirmed
PSI	PsiTriangGen	distribution	have	risksolver	0	0	ap, m, br, p, r|confirmed
PSI	PsiTriangular	distribution	have	risksolver	60	17	a (min), c (likely), b (max)|confirmed
PSI	PsiTriangularAlt	distribution	have	risksolver	0	0	3 parameters combining native args (min, likely, max) with percentiles, e.g. (min, percentile1, percentile2) or (percentile1, likely, percentile2)|confirmed
PSI	PsiTruncate	property	have	BuiltinRiskSolverProperties	0	0	[min], [max], [type]|confirmed
PSI	PsiTruncateP	property	have	BuiltinRiskSolverProperties	0	0	[min], [max]|confirmed
PSI	PsiTSIntegrate	property	out of scope	a time-series differencing order for the ARIMA family, which is not implemented	0	0	order, c1, c2|confirmed
PSI	PsiTSLen	property	out of scope	the length of a time-series forecast, for the same family	0	0	length|confirmed
PSI	PsiTSSeasonality	property	out of scope	a seasonality period, for the same family	0	0	order, period, terms, index|confirmed
PSI	PsiTSSip	distribution	not ours	names a stored SIP or declares a role — address arithmetic, not mathematics	0	0	tssip|confirmed
PSI	PsiTSTransform	property	out of scope	a variance-stabilising transform, for the same family	0	0	type, shift|confirmed
PSI	PsiUniform	distribution	have	risksolver	24	16	a (min), b (max)|confirmed
PSI	PsiUniformAlt	distribution	have	risksolver	0	0	2 parameters combining native args (lower, upper) with percentiles, e.g. (lower, percentile1) or (percentile1, upper) or (percentile1, percentile2)|confirmed
PSI	PsiUnits	property	have	BuiltinRiskSolverProperties	0	0	string|confirmed
PSI	PsiVar	annotation	not ours	role declaration, belongs with solver_adj	0	0	cell_range, type, active, comment, model_name, critical|confirmed
PSI	PsiVariance	statistic	have	BuiltinRiskSolverRunStatistics	0	0	cell, simulation, struc_format, param_slice|confirmed
PSI	PsiVary	distribution	not ours	names a stored SIP or declares a role — address arithmetic, not mathematics	0	0	base, min, max, [range_type], [dist_name]|confirmed
PSI	PsiWeibull	distribution	have	risksolver	0	0	alpha, beta|confirmed
PSI	PsiWeibullAlt	distribution	have	risksolver	0	0	1 percentile parameter|confirmed
PSI	PsiXtoP	statistic	have	computed at binding — no inclusive form upstream (probabilityBelow is strict <)	0	0	cell, target_value, simulation, struc_format, param_slice|confirmed
PSI	PsiXtoQ	statistic	have	BuiltinRiskSolverRunStatistics	0	0	cell_or_name, target_value, simulation|confirmed
